{
  "id": "1556551",
  "name": "猫眼视界",
  "font_family": "iconfont",
  "css_prefix_text": "icon-",
  "description": "",
  "glyphs": [
    {
      "icon_id": "106851",
      "name": "心",
      "font_class": "bqxin",
      "unicode": "e68b",
      "unicode_decimal": 59019
    },
    {
      "icon_id": "180894",
      "name": "电视剧",
      "font_class": "dianshiju",
      "unicode": "e604",
      "unicode_decimal": 58884
    },
    {
      "icon_id": "182596",
      "name": "综艺",
      "font_class": "zongyi",
      "unicode": "e615",
      "unicode_decimal": 58901
    },
    {
      "icon_id": "183167",
      "name": "动漫",
      "font_class": "dongman",
      "unicode": "e61e",
      "unicode_decimal": 58910
    },
    {
      "icon_id": "348296",
      "name": "bolt",
      "font_class": "bolt",
      "unicode": "ea0a",
      "unicode_decimal": 59914
    },
    {
      "icon_id": "348760",
      "name": "sign-in",
      "font_class": "signin",
      "unicode": "ebd8",
      "unicode_decimal": 60376
    },
    {
      "icon_id": "538851",
      "name": "FAQ",
      "font_class": "faq",
      "unicode": "e605",
      "unicode_decimal": 58885
    },
    {
      "icon_id": "578991",
      "name": "历史记录",
      "font_class": "lishijilu-copy",
      "unicode": "e620",
      "unicode_decimal": 58912
    },
    {
      "icon_id": "579286",
      "name": "点赞",
      "font_class": "dianzan",
      "unicode": "e60c",
      "unicode_decimal": 58892
    },
    {
      "icon_id": "796472",
      "name": "生活",
      "font_class": "shenghuo",
      "unicode": "e625",
      "unicode_decimal": 58917
    },
    {
      "icon_id": "880305",
      "name": "信息",
      "font_class": "xinxiinfo21",
      "unicode": "e616",
      "unicode_decimal": 58902
    },
    {
      "icon_id": "1203686",
      "name": "VIP",
      "font_class": "shenqingchengweiVIP",
      "unicode": "e601",
      "unicode_decimal": 58881
    },
    {
      "icon_id": "1374243",
      "name": "question",
      "font_class": "yiwenicon",
      "unicode": "e60a",
      "unicode_decimal": 58890
    },
    {
      "icon_id": "1435251",
      "name": "个人中心",
      "font_class": "yonghudianji",
      "unicode": "e638",
      "unicode_decimal": 58936
    },
    {
      "icon_id": "1546566",
      "name": "VIP",
      "font_class": "VIP",
      "unicode": "e68e",
      "unicode_decimal": 59022
    },
    {
      "icon_id": "1898977",
      "name": "refresh",
      "font_class": "refresh",
      "unicode": "e702",
      "unicode_decimal": 59138
    },
    {
      "icon_id": "2150383",
      "name": "直播",
      "font_class": "live_icon",
      "unicode": "e670",
      "unicode_decimal": 58992
    },
    {
      "icon_id": "2225231",
      "name": "打赏",
      "font_class": "dashang",
      "unicode": "e672",
      "unicode_decimal": 58994
    },
    {
      "icon_id": "4933212",
      "name": "电影",
      "font_class": "dianying",
      "unicode": "e6ee",
      "unicode_decimal": 59118
    },
    {
      "icon_id": "5327325",
      "name": "靶心",
      "font_class": "baxin",
      "unicode": "e6bf",
      "unicode_decimal": 59071
    },
    {
      "icon_id": "5394473",
      "name": "add",
      "font_class": "add",
      "unicode": "e62b",
      "unicode_decimal": 58923
    },
    {
      "icon_id": "6145549",
      "name": "home",
      "font_class": "home",
      "unicode": "e644",
      "unicode_decimal": 58948
    },
    {
      "icon_id": "7939956",
      "name": "分享",
      "font_class": "arrow-",
      "unicode": "e627",
      "unicode_decimal": 58919
    },
    {
      "icon_id": "8027307",
      "name": "体育",
      "font_class": "tiyu",
      "unicode": "e61c",
      "unicode_decimal": 58908
    },
    {
      "icon_id": "10794577",
      "name": "短视频",
      "font_class": "duanshipin",
      "unicode": "e67c",
      "unicode_decimal": 59004
    },
    {
      "icon_id": "12215216",
      "name": "record",
      "font_class": "record",
      "unicode": "e626",
      "unicode_decimal": 58918
    }
  ]
}
